ID,FirstName LastName,City,Job Skill,Gender,Email Add,City
1,Summer Grady,Lisbon,Teamwork,Female,Summer_Grady7862@bqkv0.website,Indonesia
2,Manuel Lowe,Lincoln,Self-motivation,Male,Manuel_Lowe9871@bu2lo.meet,Indonesia
3,Lily Jefferson,Lakewood,Conflict Resolution,Female,Lily_Jefferson887@yahoo.digital,New Zealand
4,Georgia Graham,Pittsburgh,Teamwork,Female,Georgia_Graham3397@zynuu.video,Bhutan
5,Gwenyth Ashwell,Madrid,Conflict Resolution,Female,Gwenyth_Ashwell6167@fhuux.website,Latvia
6,Sebastian Griffiths,Washington,Self-motivation,Male,Sebastian_Griffiths4487@xtwt3.center,Portugal
7,Jacqueline Aldridge,Otawa,Conflict Resolution,Female,Jacqueline_Aldridge1553@nmz0p.us,Canada
8,Leah Parr,San Jose,Communication,Female,Leah_Parr3676@chkzl.info,Cambodia
9,Christine King,Fort Lauderdale,Communication,Female,Christine_King419@ptr6k.biz,Fiji
10,Vanessa Hobbs,Pittsburgh,Time Management,Female,Vanessa_Hobbs5001@bqkv0.auction,Moldova
11,Carl Fenton,Amarillo,Time Management,Male,Carl_Fenton9952@v1wn5.business,Cambodia
12,Carter Clayton,Rome,Adaptability,Male,Carter_Clayton4092@chkzl.shop,Luxembourg
13,Stephanie Hunt,Wien,Learning,Female,Stephanie_Hunt7117@y96lx.mobi,Angola
14,Mason Hall,Garland,Learning,Male,Mason_Hall7967@avn7d.video,Trinidad and Tobago
15,Drew Redden,St. Louis,Decision Making,Female,Drew_Redden3339@gkvds.audio,Israel
16,Stella Wheeler,Richmond,Learning,Female,Stella_Wheeler8076@y96lx.net,Namibia
17,Jack Reid,Bridgeport,Time Management,Male,Jack_Reid1439@ckzyi.club,Cyprus
18,Wade Lynch,Huntsville,Self-motivation,Male,Wade_Lynch3605@evyvh.page,Congo
19,Sienna Umney,Lincoln,Conflict Resolution,Female,Sienna_Umney3032@bu2lo.design,Spain
20,Leroy Payne,Tulsa,Leadership,Male,Leroy_Payne1755@dbxli.autos,Tanzania
21,Lauren Appleton,Denver,Leadership,Female,Lauren_Appleton8068@xqj6f.mobi,Jamaica
22,Erick Adams,San Jose,Learning,Male,Erick_Adams5368@nb44i.business,Kazakhstan
23,Marjorie Malone,Moreno Valley,Time Management,Female,Marjorie_Malone7208@ckzyi.auction,Thailand
24,Harry Parsons,Quebec,Decision Making,Male,Harry_Parsons1462@dbxli.org,Argentina
25,Candace Nielson,Moreno Valley,Adaptability,Female,Candace_Nielson2924@xtwt3.store,Peru
26,Oliver Baxter,Norfolk,Teamwork,Male,Oliver_Baxter2142@1kmd3.shop,Vietnam
27,Maxwell Rose,Reno,Self-motivation,Male,Maxwell_Rose3572@yfxpw.business,Liechtenstein
28,Enoch Walter,Otawa,Learning,Male,Enoch_Walter5303@dbxli.zone,Ukraine
29,Rose Bolton,Fullerton,Work Under Pressure,Female,Rose_Bolton8051@iaart.name,Algeria
30,Alan Bentley,San Bernardino,Self-motivation,Male,Alan_Bentley1649@ag5wi.biz,Chile
31,Bryon Owens,Huntsville,Self-motivation,Male,Bryon_Owens9158@xtwt3.auction,Mauritius
32,Hope Eagle,Milano,Leadership,Female,Hope_Eagle8936@p5emz.org,Dominican Republic
33,Josh Strong,Lakewood,Time Management,Male,Josh_Strong3759@zynuu.us,Palau
34,Sebastian Baker,Murfreesboro,Communication,Male,Sebastian_Baker4796@ptr6k.solutions,Rwanda
35,Danny Eddison,Houston,Communication,Male,Danny_Eddison246@1kmd3.tech,Netherlands
36,Luke Bentley,Pittsburgh,Leadership,Male,Luke_Bentley3980@yahoo.info,Papua New Guinea
37,Henry Chester,Irving,Time Management,Male,Henry_Chester8399@fhuux.info,Philippines
38,Marjorie Swan,Zurich,Learning,Female,Marjorie_Swan1637@avn7d.page,Turkey
39,Sadie Saunders,Worcester,Work Under Pressure,Female,Sadie_Saunders8480@1kmd3.video,Dominica
40,Wade Poulton,Las Vegas,Conflict Resolution,Male,Wade_Poulton7029@uagvw.site,Malaysia
41,Noemi Benfield,Milwaukee,Teamwork,Female,Noemi_Benfield1155@uagvw.center,Ireland
42,Jocelyn Stewart,Bridgeport,Decision Making,Female,Jocelyn_Stewart9227@xqj6f.org,Senegal
43,Candice Anderson,Tulsa,Self-motivation,Female,Candice_Anderson3397@crzq7.auction,Saint Vincent and the Grenadines
44,Cecilia Ellery,Hayward,Leadership,Female,Cecilia_Ellery7308@cdpfn.audio,Malawi
45,Kurt Morris,Omaha,Leadership,Male,Kurt_Morris5382@chkzl.media,Guatemala
46,John Logan,Atlanta,Adaptability,Male,John_Logan165@avn7d.media,Madagascar
47,Mike Flett,Tallahassee,Leadership,Male,Mike_Flett921@karnv.ca,Samoa
48,Eve Dubois,San Antonio,Self-motivation,Female,Eve_Dubois4209@dbxli.center,Jordan
49,Gladys Ingram,Columbus,Teamwork,Female,Gladys_Ingram9269@bu2lo.meet,Greece
50,Jazmin Scott,Ontario,Conflict Resolution,Female,Jazmin_Scott4775@yafr7.online,Uzbekistan
51,Ivy Allington,Reno,Decision Making,Female,Ivy_Allington4938@ptr6k.business,Central African Republic
52,Harmony Dale,Lakewood,Time Management,Female,Harmony_Dale9516@urn0m.pro,Mozambique
53,Rosalyn Wright,Oakland,Leadership,Female,Rosalyn_Wright1767@bqkv0.app,"Korea, South"
54,Maxwell Mcgregor,Oakland,Work Under Pressure,Male,Maxwell_Mcgregor7253@xtwt3.info,Belize
55,Michael Wilde,Columbus,Time Management,Male,Michael_Wilde7954@p5emz.shop,Macedonia
56,Lily Mould,Worcester,Learning,Female,Lily_Mould5654@ptr6k.page,Italy
57,Kurt Graves,Phoenix,Time Management,Male,Kurt_Graves8906@uagvw.site,Israel
58,Judith Williams,Baltimore,Teamwork,Female,Judith_Williams8006@nmz0p.business,Mexico
59,Tyson Cox,Toledo,Teamwork,Male,Tyson_Cox3059@lyvnc.solutions,Vanuatu
60,Sarah Thomson,Las Vegas,Communication,Female,Sarah_Thomson3100@lhp4j.org,Mauritania
61,Matthew Phillips,Jacksonville,Leadership,Male,Matthew_Phillips2326@qu9ml.mobi,Suriname
62,Gil Gordon,Philadelphia,Work Under Pressure,Male,Gil_Gordon4344@dvqq2.tech,Macedonia
63,Margot Fenton,Saint Paul,Teamwork,Female,Margot_Fenton3134@nb44i.property,Cambodia
64,Logan Gosling,Milwaukee,Learning,Female,Logan_Gosling7440@d9un8.space,Belize
65,Jocelyn Silva,Henderson,Teamwork,Female,Jocelyn_Silva9332@c2nyu.website,Eritrea
66,Javier Swan,Portland,Decision Making,Male,Javier_Swan1459@qu9ml.com,France
67,Mason Fenton,Moreno Valley,Time Management,Male,Mason_Fenton4478@ptr6k.audio,Albania
68,Holly Parr,Denver,Conflict Resolution,Female,Holly_Parr9369@iaart.net,Russia
69,Selena Hogg,Norfolk,Learning,Female,Selena_Hogg5115@lyvnc.mobi,Ireland
70,Caitlyn Baxter,Jersey City,Communication,Female,Caitlyn_Baxter6162@hepmv.center,Canada
71,Scarlett Wade,Huntsville,Decision Making,Female,Scarlett_Wade9147@voylg.info,Micronesia
72,Caydence Redden,Minneapolis,Adaptability,Female,Caydence_Redden2287@bu2lo.edu,Montenegro
73,Phillip Oakley,Glendale,Conflict Resolution,Male,Phillip_Oakley572@evyvh.auction,Grenada
74,Maya Rowlands,Milano,Communication,Female,Maya_Rowlands6245@nanoff.edu,Marshall Islands
75,Karla Russell,Atlanta,Communication,Female,Karla_Russell2394@6ijur.biz,Paraguay
76,Angela Chapman,Richmond,Teamwork,Female,Angela_Chapman7949@avn7d.club,Macedonia
77,Bethany Fulton,Minneapolis,Decision Making,Female,Bethany_Fulton6033@gnjps.business,Sri Lanka
78,Julian Flack,Ontario,Time Management,Male,Julian_Flack617@yahoo.media,Ukraine
79,Oliver Harper,Detroit,Communication,Male,Oliver_Harper6501@1kmd3.edu,Qatar
80,Jack Attwood,Madison,Time Management,Male,Jack_Attwood9406@v1wn5.site,Tuvalu
81,Nicholas Giles,Richmond,Adaptability,Male,Nicholas_Giles9034@lyvnc.solutions,Algeria
82,Michael Shields,San Francisco,Work Under Pressure,Male,Michael_Shields893@nb44i.digital,Malaysia
83,Cadence Addley,Lyon,Time Management,Female,Cadence_Addley4450@bu2lo.video,Egypt
84,Harvey Mason,Salt Lake City,Conflict Resolution,Male,Harvey_Mason1063@fhuux.software,Comoros
85,Holly Emerson,Springfield,Self-motivation,Female,Holly_Emerson7460@1kmd3.page,Tanzania
86,Paige Boden,Nashville,Leadership,Female,Paige_Boden9145@nmz0p.video,Uruguay
87,Katelyn Shields,Minneapolis,Leadership,Female,Katelyn_Shields3545@d9un8.zone,Cuba
88,Luke Stewart,Rome,Teamwork,Male,Luke_Stewart2099@bcfhs.center,Djibouti
89,Bob Cox,Santa Ana,Self-motivation,Male,Bob_Cox5929@karnv.name,Turkmenistan
90,Miriam Holt,Kansas City,Leadership,Female,Miriam_Holt4228@dvqq2.store,Fiji
91,Javier Norman,Murfreesboro,Self-motivation,Male,Javier_Norman6065@bqkv0.pro,France
92,Tom Richardson,Escondido,Teamwork,Male,Tom_Richardson2210@bu2lo.com,Costa Rica
93,Camellia Speed,Columbus,Leadership,Female,Camellia_Speed1097@nb44i.online,Papua New Guinea
94,Alba Vane,Madrid,Time Management,Female,Alba_Vane3352@chkzl.club,Haiti
95,Emmanuelle Amstead,Zurich,Time Management,Female,Emmanuelle_Amstead5711@yvu30.works,"Korea, South"
96,Mike Janes,Bridgeport,Adaptability,Male,Mike_Janes5923@d9un8.online,Central African Republic
97,Robyn Lewis,San Bernardino,Conflict Resolution,Female,Robyn_Lewis2269@c2nyu.autos,Serbia
98,Julius Evans,Zurich,Conflict Resolution,Male,Julius_Evans9334@yafr7.software,Iceland
99,Roger Adams,Salt Lake City,Leadership,Male,Roger_Adams7198@ohqqh.store,Ethiopia
100,Matthew Owens,Toledo,Decision Making,Male,Matthew_Owens6014@fhuux.zone,Rwanda
101,Noah Ebbs,Honolulu,Time Management,Male,Noah_Ebbs3978@lhp4j.directory,El Salvador
102,Melody Gonzales,Tallahassee,Communication,Female,Melody_Gonzales7739@avn7d.net,Slovakia
103,Cara Stone ,Pittsburgh,Decision Making,Female,Cara_Stone 5532@iscmr.catering,Malaysia
104,Maia Freeburn,Escondido,Communication,Female,Maia_Freeburn6208@ptr6k.pro,Afghanistan
105,Samantha Glynn,Garland,Teamwork,Female,Samantha_Glynn9672@jh02o.meet,Tajikistan
106,Makena Upton,Garland,Adaptability,Female,Makena_Upton5608@1wa8o.center,El Salvador
107,Barney Latham,Salem,Self-motivation,Male,Barney_Latham8533@nmz0p.space,Croatia
108,Domenic Rowe,Wien,Self-motivation,Male,Domenic_Rowe699@uagvw.meet,Swaziland
109,Kamila Leigh,Indianapolis,Conflict Resolution,Female,Kamila_Leigh2166@yafr7.works,Belarus
110,Felicity Morgan,Nashville,Self-motivation,Female,Felicity_Morgan6521@jh02o.auction,San Marino
111,Peter Wilkinson,Seattle,Leadership,Male,Peter_Wilkinson5581@bcfhs.zone,Chile
112,Emely Moore,Rome,Learning,Female,Emely_Moore5663@ds59r.website,Netherlands
113,Vivian Moss,Denver,Adaptability,Female,Vivian_Moss4500@y96lx.property,Togo
114,Bristol Curtis,Rome,Leadership,Female,Bristol_Curtis7345@voylg.club,Mali
115,Sebastian Young,Toledo,Learning,Male,Sebastian_Young8244@hepmv.design,Australia
116,Matt Pope,Boston,Time Management,Male,Matt_Pope2633@jcf8v.pro,Finland
117,Ronald Gaynor,Lakewood,Adaptability,Male,Ronald_Gaynor1804@nmz0p.pro,Paraguay
118,Taylor Robinson,Oakland,Adaptability,Female,Taylor_Robinson1346@cdpfn.catering,Canada
119,Sabrina Ellison,Escondido,Conflict Resolution,Female,Sabrina_Ellison9414@cdpfn.meet,Switzerland
120,Candice Whatson,Milano,Conflict Resolution,Female,Candice_Whatson7740@bu2lo.site,Swaziland
121,Ada Anderson,Paris,Self-motivation,Female,Ada_Anderson6089@nb44i.biz,Rwanda
122,Bridget Simpson,Fort Lauderdale,Leadership,Female,Bridget_Simpson5454@avn7d.info,Kiribati
123,Gil Eddison,Boston,Work Under Pressure,Male,Gil_Eddison5689@1kmd3.design,Madagascar
124,Emely Cox,Lyon,Self-motivation,Female,Emely_Cox9462@ag5wi.tech,Thailand
125,Mina Tait,Salem,Leadership,Female,Mina_Tait194@bqkv0.online,Burundi
126,Logan Murphy,Paris,Self-motivation,Male,Logan_Murphy6084@karnv.pro,Swaziland
127,Chanelle John,Lancaster,Adaptability,Female,Chanelle_John878@karnv.mobi,Nepal
128,Brad Gordon,Tallahassee,Communication,Male,Brad_Gordon1196@nmz0p.digital,Indonesia
129,Maria Sinclair,Los Angeles,Conflict Resolution,Female,Maria_Sinclair669@karnv.media,Paraguay
130,Alba Jarrett,Santa Ana,Time Management,Female,Alba_Jarrett9043@crzq7.app,Greece
131,Tony Latham,Saint Paul,Adaptability,Male,Tony_Latham922@voylg.press,Comoros
132,Percy Hobson,San Jose,Learning,Male,Percy_Hobson1801@p5emz.business,Australia
133,Barry Franks,Cincinnati,Leadership,Male,Barry_Franks3131@bqkv0.autos,Cyprus
134,Mike Morley,Tallahassee,Leadership,Male,Mike_Morley8051@gnjps.net,Lithuania
135,Piper Quinton,Quebec,Decision Making,Female,Piper_Quinton2200@y96lx.autos,Croatia
136,Daphne Becker,Amarillo,Communication,Female,Daphne_Becker7576@3wbkp.property,Côte d’Ivoire
137,Nina Varley,Washington,Communication,Female,Nina_Varley7781@d9un8.works,Portugal
138,Daria Milner,Quebec,Decision Making,Female,Daria_Milner1665@ptr6k.store,Iran
139,Emerald Armstrong,Richmond,Work Under Pressure,Female,Emerald_Armstrong4172@kyb7t.org,Solomon Islands
140,Russel Wills,San Bernardino,Conflict Resolution,Male,Russel_Wills3037@urn0m.website,Poland
141,Anabelle Oldfield,Lakewood,Work Under Pressure,Female,Anabelle_Oldfield983@3wbkp.media,Mauritania
142,Nathan Gates,Fullerton,Work Under Pressure,Male,Nathan_Gates2393@6ijur.ca,Russia
143,Nina Powell,Baltimore,Teamwork,Female,Nina_Powell8105@cke3u.online,Cuba
144,Hope Stone,Columbus,Time Management,Female,Hope_Stone5099@yahoo.works,Kyrgyzstan
145,Tyler Hood,Fullerton,Adaptability,Male,Tyler_Hood4201@nmz0p.site,Sri Lanka
146,Manuel Parr,Denver,Decision Making,Male,Manuel_Parr9468@6ijur.business,Namibia
147,Vicky Mackenzie,Miami,Time Management,Female,Vicky_Mackenzie6064@xqj6f.info,New Zealand
148,Eileen Smith,Milwaukee,Conflict Resolution,Female,Eileen_Smith4887@p5emz.meet,Comoros
149,Carmen Hepburn,San Francisco,Work Under Pressure,Female,Carmen_Hepburn1995@bu2lo.info,Angola
150,Tyler Smith,Berna,Work Under Pressure,Male,Tyler_Smith802@xqj6f.info,India
151,Priscilla Pope,Anaheim,Teamwork,Female,Priscilla_Pope6860@yafr7.edu,Guinea
152,Barry Weldon,Madison,Leadership,Male,Barry_Weldon7381@bu2lo.autos,Dominican Republic
153,Chuck Hudson,Berlin,Adaptability,Male,Chuck_Hudson6763@urn0m.biz,France
154,Regina West,Reno,Time Management,Female,Regina_West558@chkzl.center,Uzbekistan
155,Priscilla Forth,Quebec,Communication,Female,Priscilla_Forth3536@jcf8v.store,Tanzania
156,Rosalyn Needham,Reno,Learning,Female,Rosalyn_Needham7298@3wbkp.mobi,Mauritania
157,Doug Farmer,Lakewood,Adaptability,Male,Doug_Farmer6629@lhp4j.meet,Belize
158,Rihanna Eagle,Glendale,Work Under Pressure,Female,Rihanna_Eagle8819@v1wn5.media,Samoa
159,Juliet Rixon,Columbus,Decision Making,Female,Juliet_Rixon1620@zynuu.ca,Austria
160,Johnathan Daniells,Chicago,Learning,Male,Johnathan_Daniells9401@yafr7.business,Cyprus
161,Tara Russell,Reno,Communication,Female,Tara_Russell2580@uagvw.services,Myanmar
162,Ruby Booth,Portland,Learning,Female,Ruby_Booth4893@6ijur.center,Pakistan
163,Clarissa Donnelly,Lakewood,Conflict Resolution,Female,Clarissa_Donnelly2907@urn0m.mobi,Australia
164,Phillip Adams,Lyon,Learning,Male,Phillip_Adams7918@dbxli.club,Marshall Islands
165,Aeris Willis,Lincoln,Teamwork,Female,Aeris_Willis8616@qu9ml.info,Bangladesh
166,Aiden Casey,Dallas,Time Management,Male,Aiden_Casey8439@avn7d.us,Togo
167,Meredith Hogg,Dallas,Self-motivation,Female,Meredith_Hogg2075@jcf8v.page,Qatar
168,Lauren Pitt,Hollywood,Teamwork,Female,Lauren_Pitt8442@iaart.catering,Cabo Verde
169,Crystal Gordon,Tokyo,Adaptability,Female,Crystal_Gordon8534@bu2lo.info,Eritrea
170,Oliver Stanley,San Jose,Time Management,Male,Oliver_Stanley6678@crzq7.media,Hungary
171,Rosalie Owen,Tallahassee,Time Management,Female,Rosalie_Owen2917@jcf8v.auction,Guinea
172,Sylvia Marshall,Amarillo,Leadership,Female,Sylvia_Marshall391@kyb7t.website,Botswana
173,Ryan Higgs,Ontario,Decision Making,Male,Ryan_Higgs913@jcf8v.store,USA
174,Rufus Wilkinson,Innsbruck,Teamwork,Male,Rufus_Wilkinson7059@yafr7.pro,Jordan
175,Sabrina Clayton,Tokyo,Conflict Resolution,Female,Sabrina_Clayton3325@bqkv0.info,Australia
176,Monica Osman,San Francisco,Learning,Female,Monica_Osman4449@hepmv.com,Russia
177,Camellia Abbey,Los Angeles,Learning,Female,Camellia_Abbey4170@yvu30.name,Bangladesh
178,Rocco Power,Las Vegas,Adaptability,Male,Rocco_Power6809@y96lx.solutions,Croatia
179,Nathan Baker,Lincoln,Leadership,Male,Nathan_Baker7500@ckzyi.directory,Congo
180,Adela Mcleod,El Paso,Learning,Female,Adela_Mcleod4685@voylg.software,Nigeria
181,Adalind Vallory,Dallas,Decision Making,Female,Adalind_Vallory2135@1wa8o.works,Saint Lucia
182,Mabel Asher,Madrid,Self-motivation,Female,Mabel_Asher8722@nanoff.page,Bangladesh
183,Harvey Brett,Los Angeles,Communication,Male,Harvey_Brett3920@avn7d.net,Tonga
184,Clint Warden,Rochester,Time Management,Male,Clint_Warden6772@bcfhs.audio,Turkmenistan
185,Maggie Ellis,Henderson,Learning,Female,Maggie_Ellis3137@uagvw.shop,Germany
186,Anthony Morgan,Innsbruck,Conflict Resolution,Male,Anthony_Morgan2527@bcfhs.club,United Arab Emirates
187,William Gilmour,Glendale,Teamwork,Male,William_Gilmour1522@1wa8o.net,Latvia
188,Karen Ballard,Madison,Leadership,Female,Karen_Ballard5051@1kmd3.solutions,Micronesia
189,Denny Coll,Minneapolis,Time Management,Male,Denny_Coll9383@nanoff.autos,Cambodia
190,Danny Benfield,Houston,Decision Making,Male,Danny_Benfield8627@iaart.info,Namibia
191,Bob Gray,Indianapolis,Adaptability,Male,Bob_Gray820@xtwt3.website,East Timor (Timor-Leste)
192,Dalia Buckley,Stockton,Conflict Resolution,Female,Dalia_Buckley1953@dbxli.website,Lithuania
193,Owen Mullins,Santa Ana,Self-motivation,Male,Owen_Mullins1709@xtwt3.name,"Sudan, South"
194,Estrella Thorne,Lancaster,Teamwork,Female,Estrella_Thorne9752@hepmv.works,Cambodia
195,Alexander Richards,Columbus,Self-motivation,Male,Alexander_Richards1707@bu2lo.design,Cabo Verde
196,Barney Tobin,Albuquerque,Communication,Male,Barney_Tobin3169@d9un8.space,Tajikistan
197,Chuck Dowson,Indianapolis,Leadership,Male,Chuck_Dowson5951@gnjps.website,Nicaragua
198,Hayden Roberts,Memphis,Adaptability,Female,Hayden_Roberts2650@ckzyi.store,Comoros
199,Diane Leslie,Glendale,Decision Making,Female,Diane_Leslie6946@nanoff.store,Tunisia
200,Nina Sinclair,Colorado Springs,Learning,Female,Nina_Sinclair7377@yfxpw.solutions,Saint Kitts and Nevis

